{
  "model": "efficientnet_b0",
  "model_name": "efficientnet_b0.ra_in1k",
  "params_millions": 4.007548,
  "n_images": 128,
  "timestamp": 1784204533.8414872,
  "machine": "macOS-15.6.1-arm64-arm-64bit | torch 2.13.0",
  "mps": {
    "load_seconds": 3.4046507500024745,
    "single_image": {
      "p50_ms": 27.756208495702595,
      "p95_ms": 76.6606162920652,
      "mean_ms": 35.9016888673068,
      "n_reps": 30
    },
    "batch": {
      "32": {
        "images_per_sec": 87.3128806169624,
        "reps_images_per_sec": [
          97.10988096896486,
          68.52820685264714,
          96.30055402927523
        ]
      },
      "128": {
        "images_per_sec": 61.27478961171388,
        "reps_images_per_sec": [
          70.69513078938871,
          57.13363457552355,
          55.99560347022936
        ]
      }
    },
    "peak_rss_mb": 799.4375
  },
  "cpu": {
    "load_seconds": 0.5899031250010012,
    "single_image": {
      "p50_ms": 528.5202504965127,
      "p95_ms": 2489.2700413038237,
      "mean_ms": 792.565244466338,
      "n_reps": 30
    },
    "batch": {
      "32": {
        "images_per_sec": 3.9904572189742367,
        "reps_images_per_sec": [
          3.0542931021576214,
          4.183150258049874,
          4.733928296715214
        ]
      },
      "128": {
        "images_per_sec": 5.233594425587808,
        "reps_images_per_sec": [
          4.306662382967839,
          4.781444647755933,
          6.612676246039652
        ]
      }
    },
    "peak_rss_mb": 2412.40625
  }
}