{
  "model": "mobileclip",
  "model_name": "fastvit_mci0.apple_mclip",
  "params_millions": 10.882176,
  "n_images": 128,
  "timestamp": 1784232222.548702,
  "machine": "macOS-15.6.1-arm64-arm-64bit | torch 2.13.0",
  "mps": {
    "load_seconds": 0.44982508400062216,
    "single_image": {
      "p50_ms": 20.015353999042418,
      "p95_ms": 23.80145350143721,
      "mean_ms": 19.973445733679302,
      "n_reps": 30
    },
    "batch": {
      "32": {
        "images_per_sec": 45.16046866989249,
        "reps_images_per_sec": [
          66.82258603374585,
          38.662090341314666,
          29.99672963461694
        ]
      },
      "128": {
        "images_per_sec": 51.222193133074846,
        "reps_images_per_sec": [
          50.5130502981213,
          49.43898102391448,
          53.71454807718876
        ]
      }
    },
    "peak_rss_mb": 961.9375
  },
  "cpu": {
    "load_seconds": 0.3795843329971831,
    "single_image": {
      "p50_ms": 167.94706249856972,
      "p95_ms": 201.05335854950678,
      "mean_ms": 172.95650129999558,
      "n_reps": 30
    },
    "batch": {
      "32": {
        "images_per_sec": 3.2714766806794913,
        "reps_images_per_sec": [
          3.1863433061426276,
          3.50008595035274,
          3.128000785543107
        ]
      },
      "128": {
        "images_per_sec": 4.4238693484158125,
        "reps_images_per_sec": [
          4.535585325358692,
          4.471887776741192,
          4.2641349431475515
        ]
      }
    },
    "peak_rss_mb": 4065.875
  }
}