{
  "model": "siglip2",
  "model_name": "google/siglip2-base-patch16-224",
  "params_millions": 375.18797,
  "n_images": 128,
  "timestamp": 1784231160.529355,
  "machine": "macOS-15.6.1-arm64-arm-64bit | torch 2.13.0",
  "mps": {
    "load_seconds": 3.1358302919998096,
    "single_image": {
      "p50_ms": 51.81670849924558,
      "p95_ms": 109.40657309902235,
      "mean_ms": 55.38028889999017,
      "n_reps": 30
    },
    "batch": {
      "32": {
        "images_per_sec": 16.955520112959807,
        "reps_images_per_sec": [
          20.131998797051786,
          14.925546302688582,
          15.809015239139057
        ]
      },
      "128": {
        "images_per_sec": 17.468563422025593,
        "reps_images_per_sec": [
          13.904859889349606,
          19.305807164455558,
          19.19502321227161
        ]
      }
    },
    "peak_rss_mb": 1032.796875
  },
  "cpu": {
    "load_seconds": 1.3479557080027007,
    "single_image": {
      "p50_ms": 124.92341650067829,
      "p95_ms": 166.6030000009414,
      "mean_ms": 130.49855550016218,
      "n_reps": 30
    },
    "batch": {
      "32": {
        "images_per_sec": 12.114286433978387,
        "reps_images_per_sec": [
          11.540043962830076,
          12.725355609075327,
          12.07745973002976
        ]
      },
      "128": {
        "images_per_sec": 10.076112910520242,
        "reps_images_per_sec": [
          9.730481283587011,
          9.740192477736569,
          10.757664970237148
        ]
      }
    },
    "peak_rss_mb": 2476.0
  }
}